{
  "dev": {
    "awscloudformation": {
      "AuthRoleName": "amplify-admindashboard-dev-4d1f3-authRole",
      "UnauthRoleArn": "arn:aws:iam::928643155012:role/amplify-admindashboard-dev-4d1f3-unauthRole",
      "AuthRoleArn": "arn:aws:iam::928643155012:role/amplify-admindashboard-dev-4d1f3-authRole",
      "Region": "us-east-1",
      "DeploymentBucketName": "amplify-admindashboard-dev-4d1f3-deployment",
      "UnauthRoleName": "amplify-admindashboard-dev-4d1f3-unauthRole",
      "StackName": "amplify-admindashboard-dev-4d1f3",
      "StackId": "arn:aws:cloudformation:us-east-1:928643155012:stack/amplify-admindashboard-dev-4d1f3/9d5a4f60-23bc-11ef-a008-0e81678ce8f1",
      "AmplifyAppId": "dre1enb9448tg"
    },
    "categories": {
      "auth": {
        "admindashboardf7357cc7": {}
      }
    }
  }
}