{
  "version": "1",
  "cognitoConfig": {
    "identityPoolName": "webadmindashboard90df51fa_identitypool_90df51fa",
    "allowUnauthenticatedIdentities": false,
    "resourceNameTruncated": "webadm90df51fa",
    "userPoolName": "webadmindashboard90df51fa_userpool_90df51fa",
    "autoVerifiedAttributes": [
      "email"
    ],
    "mfaConfiguration": "OFF",
    "mfaTypes": [
      "SMS Text Message"
    ],
    "smsAuthenticationMessage": "Your authentication code is {####}",
    "smsVerificationMessage": "Your verification code is {####}",
    "emailVerificationSubject": "Your verification code",
    "emailVerificationMessage": "Your verification code is {####}",
    "defaultPasswordPolicy": false,
    "passwordPolicyMinLength": 8,
    "passwordPolicyCharacters": [],
    "requiredAttributes": [
      "email"
    ],
    "aliasAttributes": [],
    "userpoolClientGenerateSecret": false,
    "userpoolClientRefreshTokenValidity": 30,
    "userpoolClientWriteAttributes": [
      "email"
    ],
    "userpoolClientReadAttributes": [
      "email"
    ],
    "userpoolClientLambdaRole": "webadm90df51fa_userpoolclient_lambda_role",
    "userpoolClientSetAttributes": false,
    "sharedId": "90df51fa",
    "resourceName": "webadmindashboard90df51fa",
    "authSelections": "identityPoolAndUserPool",
    "useDefault": "defaultSocial",
    "hostedUI": true,
    "usernameAttributes": [
      "email"
    ],
    "hostedUIDomainName": "webadmindashboard90df51fa-90df51fa",
    "authProvidersUserPool": [],
    "hostedUIProviderMeta": "[]",
    "oAuthMetadata": "{\"AllowedOAuthFlows\":[\"code\"],\"AllowedOAuthScopes\":[\"phone\",\"email\",\"openid\",\"profile\",\"aws.cognito.signin.user.admin\"],\"CallbackURLs\":[\"https://main.d3eywf4hqre7z5.amplifyapp.com/\"],\"LogoutURLs\":[\"https://main.d3eywf4hqre7z5.amplifyapp.com/\"]}",
    "userPoolGroupList": [],
    "serviceName": "Cognito",
    "usernameCaseSensitive": false,
    "useEnabledMfas": true
  }
}